{
  "生成时间": "2026-04-17",
  "总结": {
    "分类性能": {
      "SST-2": {
        "准确率": 0.9311926605504587,
        "F1分数": 0.9311488353730755
      },
      "CWRU": {
        "准确率": 1.0,
        "F1分数": 1.0
      }
    },
    "忠实度评估": {
      "attention": {
        "SST-2": 0.29683582416553694,
        "CWRU": 0.5718870520405472,
        "平均": 0.43436143810304206
      },
      "integrated_gradients": {
        "SST-2": 0.19320998514169332,
        "CWRU": 0.45667245771735904,
        "平均": 0.3249412214295262
      },
      "shap": {
        "SST-2": 0.25698504187392246,
        "CWRU": 0.30563554096966983,
        "平均": 0.28131029142179614
      },
      "lime": {
        "SST-2": 0.24185918914983628,
        "CWRU": 0.3094366292282939,
        "平均": 0.2756479091890651
      },
      "gradcam": {
        "SST-2": 0.1541435077996357,
        "CWRU": 0.31093848798424006,
        "平均": 0.23254099789193788
      }
    },
    "敏感度评估": {}
  }
}