{
  "experiment_name": "faithfulness_evaluation",
  "results": {
    "attention": {
      "sst2": 0.29683582416553694,
      "cwru": 0.5718870520405472
    },
    "integrated_gradients": {
      "sst2": 0.19320998514169332,
      "cwru": 0.45667245771735904
    },
    "shap": {
      "sst2": 0.25698504187392246,
      "cwru": 0.30563554096966983
    },
    "lime": {
      "sst2": 0.24185918914983628,
      "cwru": 0.3094366292282939
    },
    "gradcam": {
      "sst2": 0.1541435077996357,
      "cwru": 0.31093848798424006
    }
  },
  "masking_ratios": [
    0.1,
    0.2,
    0.3,
    0.4,
    0.5,
    0.6,
    0.7,
    0.8,
    0.9,
    1.0
  ],
  "auc_drop_curves": {
    "attention_sst2": [
      0.19642311224888545,
      0.22647187443508301,
      0.2749244365724735,
      0.3087343353603501,
      0.3934568628232228,
      0.3291074100852711,
      0.3424685119825881,
      0.3005547929307795,
      0.4582899443408678,
      0.4722770340005809
    ],
    "integrated_gradients_sst2": [
      0.07498339898884296,
      0.07198008624836802,
      0.12711113257100806,
      0.11450016183080151,
      0.18370834395173005,
      0.25900822252151556,
      0.22850440836627967,
      0.336791695660213,
      0.3368655837723054,
      0.4722770340005809
    ],
    "shap_sst2": [
      0.14830348709074315,
      0.2203595548067824,
      0.2646848996402696,
      0.1814172212034464,
      0.23749242544872687,
      0.3284343576611718,
      0.34200400857662316,
      0.40689340865937995,
      0.34683106519223655,
      0.33516346801043256
    ],
    "lime_sst2": [
      0.14946897247282323,
      0.25461996414524035,
      0.22590276678092777,
      0.2601261303527281,
      0.27576176353322807,
      0.23495242115459405,
      0.2509105924691539,
      0.3580229720333591,
      0.3159790607875038,
      0.33516346801043256
    ],
    "attention_cwru": [
      0.2363980829715729,
      0.46554424669593575,
      0.5613520082086325,
      0.6136183321475983,
      0.6563181295990944,
      0.7155602052807808,
      0.7343441367149353,
      0.7460966624319554,
      0.7377749644219875,
      0.7401255868375302
    ],
    "integrated_gradients_cwru": [
      0.11148768961429596,
      0.25449191257357595,
      0.31529143303632734,
      0.3712891064584255,
      0.48123060539364815,
      0.5918453186750412,
      0.6640592806041241,
      0.7225978411734104,
      0.7401124410331249,
      0.7401255868375302
    ],
    "shap_cwru": [
      0.015017709136009217,
      0.03811394572257996,
      0.07705772817134857,
      0.17829958349466324,
      0.28257807046175004,
      0.40367093235254287,
      0.5185915291309356,
      0.5849146112799645,
      0.6247484371066093,
      0.6817434348165989
    ],
    "lime_cwru": [
      0.012595471739768983,
      0.043042358756065366,
      0.11327151209115982,
      0.16432472467422485,
      0.2917299188673496,
      0.4110864415764809,
      0.508990241587162,
      0.5800380438566208,
      0.6347135975956917,
      0.6817434348165989
    ],
    "gradcam_sst2": [
      0.08709625848568976,
      0.04184338927734643,
      0.12481945431791246,
      0.208321996871382,
      0.11712771733291447,
      0.13080938958228217,
      0.19291375709763087,
      0.22366490211279597,
      0.24671842052484863,
      0.4233358432727982
    ],
    "gradcam_cwru": [
      0.012540251016616821,
      0.030563846230506897,
      0.057827481627464296,
      0.1252664804458618,
      0.24347238838672638,
      0.343322229385376,
      0.5540824010968208,
      0.635907931625843,
      0.7317292802035809,
      0.7618854306638241
    ]
  },
  "timestamp": "2026-03-10T18:17:00.644540",
  "author": "Kris"
}