{
  "experiment_name": "sensitivity_evaluation",
  "results": {
    "attention": {
      "sst2": 0.7950581106073386,
      "cwru": 0.48017574581686356
    },
    "integrated_gradients": {
      "sst2": 0.8786566558241329,
      "cwru": 0.8154579998875198
    },
    "lime": {
      "sst2": 0.4706311993021962,
      "cwru": 0.5552472972288653
    }
  },
  "per_sample_scores": {
    "attention_sst2": [
      0.7309930867655494,
      0.9460757639342672,
      0.9583034307331104,
      0.7707203796321245,
      0.7618043443030876,
      0.9244624609465439,
      0.5926463830228659,
      0.5867043707215125,
      0.7434054064411812,
      0.9354654795731424
    ],
    "integrated_gradients_sst2": [
      0.8965247900589528,
      0.9380606960972935,
      0.9784714399572458,
      0.5558094672273524,
      0.9757442733498991,
      0.8793966907197455,
      0.8854266732350536,
      0.9305086869284904,
      0.7777423323902243,
      0.9688815082770723
    ],
    "lime_sst2": [
      0.11103164606967386,
      0.666126878358957,
      -0.18362314637730626,
      0.38849769710883786,
      0.6802150828166512,
      0.8014153204030567,
      0.2897795223168044,
      0.4711745973225197,
      0.48609442123242597,
      0.9955999737703417
    ],
    "attention_cwru": [
      0.6701387407124476,
      0.26010914420139397,
      0.3657201474317682,
      0.7885922142295753,
      0.46671692196932035,
      0.40283034424877967,
      0.33566261890625476,
      0.7011534281634664,
      0.4444244084011541,
      0.3664094899044752
    ],
    "integrated_gradients_cwru": [
      0.7628320410920326,
      0.795207877452465,
      0.8291885836326707,
      0.806479517693308,
      0.8376154657759217,
      0.872310389380751,
      0.7785346991745905,
      0.7481535447719319,
      0.8749926790899956,
      0.84926520081153
    ],
    "lime_cwru": [
      0.6820189110683489,
      0.441116597846779,
      0.6619108091559599,
      0.5743602927668128,
      0.47583618582110604,
      0.6612239139021305,
      0.4773622239716473,
      0.40173938710570545,
      0.507366731013094,
      0.6695379196370694
    ]
  },
  "timestamp": "2026-03-10T18:17:00.644540",
  "author": "Kris"
}